Isolate,Host,Leukocidin (lukD),Leukocidin (lukE),Leukocidin (lukF-like),Leukocidin (lukF-PV),Leukocidin (lukG),Leukocidin (lukH),Leukocidin (lukM),Leukocidin (lukS-PV),Staphylococcal protein A (spa),Superantigen protein (set16),Superantigen protein (set19),Superantigen protein (set21),Superantigen protein (set26),Superantigen protein (set31),Superantigen protein (set32),Superantigen protein (set34),Superantigen protein (set36),Superantigen protein (set37),Superantigen protein (set39),Toxic shock syndrome (tsst-1)
21MR0103_S37,Human,1,1,0,0,1,1,0,0,1,1,0,1,1,1,1,1,1,1,1,0
21MR0385_S69,Human,1,1,0,0,1,1,0,0,1,1,1,1,1,1,1,1,1,1,1,0
21MR0468_S65,Human,1,1,0,0,1,1,0,0,1,1,1,1,1,1,1,1,1,1,1,0
21MR0838_S63,Human,1,1,0,0,1,1,0,0,1,1,1,1,1,1,1,1,1,1,1,1
21MR0935_S18,Human,1,1,0,0,1,1,0,0,1,1,1,1,1,1,1,1,1,1,1,0
21MR1286_S68,Human,1,1,0,0,1,1,0,0,1,1,1,1,1,1,1,1,1,1,1,1
A05,Bovine,1,1,1,0,1,1,1,0,1,1,1,1,1,1,1,1,1,1,1,0
A06,Bovine,1,1,1,0,1,1,1,0,1,1,1,1,1,1,1,1,1,1,1,0
AB104,Bovine,1,1,1,0,1,1,1,0,1,1,1,1,1,1,1,1,1,1,1,0
AB123,Bovine,1,1,1,0,1,1,1,0,1,1,1,1,1,1,1,1,1,1,1,0
AB130,Bovine,1,1,1,0,1,1,1,0,1,1,1,1,1,1,1,1,1,1,1,0
AB138,Bovine,1,1,1,0,1,1,1,0,1,1,1,1,1,1,1,1,1,1,1,0
AB139,Bovine,1,1,1,0,1,1,1,0,1,1,1,1,1,1,1,1,1,1,1,0
AB140,Bovine,1,1,1,0,1,1,1,0,1,1,1,1,1,1,1,1,1,1,1,0
AB144,Bovine,1,1,1,0,1,1,1,0,1,1,1,1,1,1,1,1,1,1,1,0
AB145,Bovine,1,1,1,0,1,1,1,0,1,1,1,1,1,1,1,1,1,1,1,0
AB152,Bovine,1,1,1,0,1,1,1,0,1,1,1,1,1,1,1,1,1,1,1,0
AB153,Bovine,1,1,0,0,1,1,0,0,1,1,1,1,1,1,1,1,1,1,1,0
AB159,Bovine,1,1,1,0,1,1,1,0,1,1,1,1,1,1,1,1,1,1,1,0
AB160,Bovine,1,1,1,0,1,1,1,0,1,1,1,1,1,1,1,1,1,1,1,0
AB162,Bovine,1,1,1,0,1,1,1,0,1,1,1,1,1,1,1,1,1,1,1,0
AB168,Bovine,1,1,1,0,1,1,1,0,1,1,1,1,1,1,1,1,1,1,1,0
AB169,Bovine,1,1,1,0,1,1,1,0,1,1,1,1,1,1,1,1,1,1,1,0
AB215,Bovine,1,1,1,0,1,1,1,0,1,1,1,1,1,1,1,1,1,1,1,0
AB219,Bovine,1,1,1,0,1,1,1,0,1,1,1,1,1,1,1,1,1,1,1,0
AB221,Bovine,1,1,0,0,1,1,0,0,1,1,1,1,1,1,1,1,1,1,1,0
AB223,Bovine,1,1,1,0,1,1,1,0,1,1,1,1,1,1,1,1,1,1,1,0
AB228,Bovine,1,1,1,0,1,1,1,0,1,1,1,1,1,1,1,1,1,1,1,0
AB334,Bovine,1,1,1,0,1,1,1,0,1,1,1,1,1,1,1,1,1,1,1,0
AB341,Bovine,1,1,1,0,1,1,1,0,1,1,1,1,1,1,1,1,1,1,1,0
AB354,Bovine,1,1,0,0,1,1,0,0,1,1,1,1,1,1,1,1,1,1,1,0
AB356,Bovine,1,1,1,0,1,1,1,0,1,1,1,1,1,1,1,1,1,1,1,0
AB82,Bovine,1,1,1,0,1,1,1,0,1,1,0,1,1,1,1,1,1,1,1,0
AB83,Bovine,1,1,1,0,1,1,1,0,1,1,0,1,1,1,1,1,1,1,1,0
AB84,Bovine,1,1,1,0,1,1,1,0,1,1,1,1,1,1,1,1,1,1,1,0
AB99,Bovine,1,1,1,0,1,1,1,0,1,1,1,1,1,1,1,1,1,1,1,0
B1003_S431,Bovine,1,1,1,0,1,1,1,0,1,1,1,1,1,1,1,1,1,1,1,0
B1004_S432,Bovine,1,1,1,0,1,1,1,0,1,1,1,1,1,1,1,1,1,1,1,0
B1005_S433,Bovine,1,1,1,0,1,1,1,0,1,1,1,1,1,1,1,1,1,1,1,0
B1035_S438,Bovine,1,1,1,0,1,1,1,0,1,1,1,1,1,1,1,1,1,1,1,0
B1036_S439,Bovine,1,1,1,0,1,1,1,0,1,1,1,1,1,1,1,1,1,1,1,0
B1048_S442,Bovine,1,1,1,0,1,1,1,0,1,1,1,1,1,1,1,1,1,1,1,0
B1051_S443,Bovine,1,1,1,0,1,1,1,0,1,1,1,1,1,1,1,1,1,1,1,0
B1052_S444,Bovine,1,1,1,0,1,1,1,0,1,1,1,1,1,1,1,1,1,1,1,0
B1053_S445,Bovine,1,1,1,0,1,1,1,0,1,1,1,1,1,1,1,1,1,1,1,0
B1055_S447,Bovine,1,1,0,0,1,1,0,0,1,1,1,1,1,1,1,1,1,1,1,0
B1056_S448,Bovine,1,1,0,0,1,1,0,0,1,1,1,1,1,1,1,1,1,1,1,0
B1058_S450,Bovine,1,1,0,0,1,1,0,0,1,1,1,1,1,1,1,1,1,1,1,0
B1065_S452,Bovine,1,1,1,0,1,1,1,0,1,1,1,1,1,1,1,1,1,1,1,0
B1066_S453,Bovine,1,1,1,0,1,1,1,0,1,1,1,1,1,1,1,1,1,1,1,0
B1068_S455,Bovine,1,1,1,0,1,1,1,0,1,1,1,1,1,1,1,1,1,1,1,0
B1069_S456,Bovine,1,1,1,0,1,1,1,0,1,1,1,1,1,1,1,1,1,1,1,0
B1070_S457,Bovine,1,1,1,0,1,1,1,0,1,1,1,1,1,1,1,1,1,1,1,0
B1078_S460,Bovine,1,1,1,0,1,1,1,0,1,1,1,1,1,1,1,1,1,1,1,0
B1095_S463,Bovine,1,1,1,0,1,1,1,0,1,1,1,1,1,1,1,1,1,1,1,0
B1096_S464,Bovine,1,1,1,0,1,1,1,0,1,1,1,1,1,1,1,1,1,1,1,0
B1097_S465,Bovine,1,1,1,0,1,1,1,0,1,1,1,1,1,1,1,1,1,1,1,0
B1098_S466,Bovine,1,1,1,0,1,1,1,0,1,1,1,1,1,1,1,1,1,1,1,0
B1099_S467,Bovine,1,1,0,0,1,1,0,0,1,1,1,1,1,1,1,1,1,1,1,0
B1105_S468,Bovine,1,1,1,0,1,1,1,0,1,1,1,1,1,1,1,1,1,1,1,0
B1110_S470,Bovine,1,1,1,0,1,1,1,0,1,1,1,1,1,1,1,1,1,1,1,0
B1129_S471,Bovine,1,1,1,0,1,1,1,0,1,1,1,1,1,1,1,1,1,1,1,0
B1140_S476,Bovine,1,1,1,0,1,1,1,0,1,1,1,1,1,1,1,1,1,1,1,0
B1143_S4,Bovine,1,1,1,0,1,1,1,0,1,1,1,1,1,1,1,1,1,1,1,0
B1150_S5,Bovine,1,1,1,0,1,1,1,0,1,1,1,1,1,1,1,1,1,1,1,0
B1151_S6,Bovine,1,1,1,0,1,1,1,0,1,1,1,1,1,1,1,1,1,1,1,0
B1162_S10,Bovine,1,1,1,0,1,1,1,0,1,1,1,1,1,1,1,1,1,1,1,0
B1173_S12,Bovine,1,1,0,0,1,1,0,0,1,1,1,1,1,1,1,1,1,1,1,0
B1174_S13,Bovine,1,1,1,0,1,1,1,0,1,1,1,1,1,1,1,1,1,1,1,0
B1178_S14,Bovine,1,1,0,0,1,1,0,0,1,1,1,1,1,1,1,1,1,1,1,0
B1180_S15,Bovine,1,1,1,0,1,1,1,0,1,1,1,1,1,1,1,1,1,1,1,0
B1181_S16,Bovine,1,1,1,0,1,1,1,0,1,1,1,1,1,1,1,1,1,1,1,0
B1183_S17,Bovine,1,1,1,0,1,1,1,0,1,1,1,1,1,1,1,1,1,1,1,0
B1186_S18,Bovine,1,1,1,0,1,1,1,0,1,1,1,1,1,1,1,1,1,1,1,0
B1187_S19,Bovine,1,1,1,0,1,1,1,0,1,1,1,1,1,1,1,1,1,1,1,0
B1188_S20,Bovine,1,1,1,0,1,1,1,0,1,1,1,1,1,1,1,1,1,1,1,0
B1189_S21,Bovine,1,1,1,0,1,1,1,0,1,1,1,1,1,1,1,1,1,1,1,0
B1190_S22,Bovine,1,1,1,0,1,1,1,0,1,1,1,1,1,1,1,1,1,1,1,0
B1191_S23,Bovine,1,1,1,0,1,1,1,0,1,1,1,1,1,1,1,1,1,1,1,0
B1205_S25,Bovine,1,1,1,0,1,1,1,0,1,1,1,1,1,1,1,1,1,1,1,0
B1206_S26,Bovine,1,1,1,0,1,1,1,0,1,1,1,1,1,1,1,1,1,1,1,0
B1209_S27,Bovine,1,1,1,0,1,1,1,0,1,1,1,1,1,1,1,1,1,1,1,0
B1213_S29,Bovine,1,1,1,0,1,1,1,0,1,1,1,1,1,1,1,1,1,1,1,0
B1223_S35,Bovine,1,1,1,0,1,1,1,0,1,1,1,1,1,1,1,1,1,1,1,0
B1225_S36,Bovine,1,1,1,0,1,1,1,0,1,1,1,1,1,1,1,1,1,1,1,0
B1226_S37,Bovine,1,1,1,0,1,1,1,0,1,1,1,1,1,1,1,1,1,1,1,0
B1231_S40,Bovine,1,1,1,0,1,1,1,0,1,1,1,1,1,1,1,1,1,1,1,0
B1235_S457,Bovine,1,1,0,0,1,1,0,0,1,1,1,1,1,1,1,1,1,1,1,0
B1236_S458,Bovine,1,1,0,0,1,1,0,0,1,1,1,1,1,1,1,1,1,1,1,0
B1237_S41,Bovine,1,1,1,0,1,1,1,0,1,1,1,1,1,1,1,1,1,1,1,0
B1238_S42,Bovine,1,1,1,0,1,1,1,0,1,1,1,1,1,1,1,1,1,1,1,0
B1247_S43,Bovine,1,1,1,0,1,1,1,0,1,1,1,1,1,1,1,1,1,1,1,0
B1248_S44,Bovine,1,1,1,0,1,1,1,0,1,1,1,1,1,1,1,1,1,1,1,0
B1249_S45,Bovine,1,1,1,0,1,1,1,0,1,1,1,1,1,1,1,1,1,1,1,0
B1254_S46,Bovine,1,1,0,0,1,1,0,0,1,1,1,1,1,1,1,1,1,1,1,0
B1269_S50,Bovine,1,1,1,0,1,1,1,0,1,1,1,1,1,1,1,1,1,1,1,0
B1270_S51,Bovine,1,1,1,0,1,1,1,0,1,1,1,1,1,1,1,1,1,1,1,0
B1271_S52,Bovine,1,1,1,0,1,1,1,0,1,1,1,1,1,1,1,1,1,1,1,0
B1275_S53,Bovine,1,1,0,0,1,1,0,0,1,1,1,1,1,1,1,1,1,1,1,0
B1276_S54,Bovine,1,1,0,0,1,1,0,0,1,1,1,1,1,1,1,1,1,1,1,0
B1279_S55,Bovine,1,1,1,0,1,1,1,0,1,1,1,1,1,1,1,1,1,1,1,0
B1281_S57,Bovine,1,1,1,0,1,1,1,0,1,1,1,1,1,1,1,1,1,1,1,0
B1282_S58,Bovine,1,1,1,0,1,1,1,0,1,1,1,1,1,1,1,1,1,1,1,0
B1285_S61,Bovine,1,1,1,0,1,1,1,0,1,1,1,1,1,1,1,1,1,1,1,0
B1287_S62,Bovine,1,1,1,0,1,1,1,0,1,1,1,1,1,1,1,1,1,1,1,0
B1291_S63,Bovine,1,1,1,0,1,1,1,0,1,1,1,1,1,1,1,1,1,1,1,0
B1295_S65,Bovine,1,1,1,0,1,1,1,0,1,1,1,1,1,1,1,1,1,1,1,0
B1299_S66,Bovine,1,1,1,0,1,1,1,0,1,1,1,1,1,1,1,1,1,1,1,0
B1300_S67,Bovine,1,1,1,0,1,1,1,0,1,1,1,1,1,1,1,1,1,1,1,0
B1307_S68,Bovine,1,1,1,0,1,1,1,0,1,1,1,1,1,1,1,1,1,1,1,0
B1308_S69,Bovine,1,1,1,0,1,1,1,0,1,1,1,1,1,1,1,1,1,1,1,0
B1309_S70,Bovine,1,1,1,0,1,1,1,0,1,1,1,1,1,1,1,1,1,1,1,0
B1310_S71,Bovine,1,1,1,0,1,1,1,0,1,1,1,1,1,1,1,1,1,1,1,0
B1314_S74,Bovine,1,1,1,0,1,1,1,0,1,1,1,1,1,1,1,1,1,1,1,0
B1315_S75,Bovine,1,1,1,0,1,1,1,0,1,1,1,1,1,1,1,1,1,1,1,0
B1316_S76,Bovine,1,1,1,0,1,1,1,0,1,1,1,1,1,1,1,1,1,1,1,0
B1321_S78,Bovine,1,1,1,0,1,1,1,0,1,1,1,0,1,1,1,1,1,1,1,0
B1325_S82,Bovine,1,1,0,0,1,1,0,0,1,1,1,1,1,1,1,1,1,1,1,0
B1328_S83,Bovine,1,1,1,0,1,1,1,0,1,1,1,1,1,1,1,1,1,1,1,0
B1329_S84,Bovine,1,1,1,0,1,1,1,0,1,1,1,1,1,1,1,1,1,1,1,0
B1330_S85,Bovine,1,1,1,0,1,1,1,0,1,1,1,1,1,1,1,1,1,1,1,0
B1331_S86,Bovine,1,1,1,0,1,1,1,0,1,1,1,1,1,1,1,1,1,1,1,0
B1333_S88,Bovine,1,1,1,0,1,1,1,0,1,1,1,1,1,1,1,1,1,1,1,0
B1334_S89,Bovine,1,1,1,0,1,1,1,0,0,1,1,1,1,1,1,1,1,1,1,0
B1336_S91,Bovine,1,1,1,0,1,1,1,0,0,1,1,1,1,1,1,1,1,1,1,0
B1346_S192,Bovine,1,1,0,0,1,1,0,0,1,1,1,1,1,1,1,1,1,1,1,0
B1348_S193,Bovine,1,1,0,0,1,1,0,0,1,1,1,1,1,1,1,1,1,1,1,0
B1352_S194,Bovine,1,1,1,0,1,1,1,0,1,1,1,1,1,1,1,1,1,1,1,0
B1360_S197,Bovine,1,1,1,0,1,1,1,0,1,1,1,1,1,1,1,1,1,1,1,0
B1361_S198,Bovine,1,1,1,0,1,1,1,0,1,1,1,1,1,1,1,1,1,1,1,0
B1362_S199,Bovine,1,1,1,0,1,1,1,0,1,1,1,1,1,1,1,1,1,1,1,0
B1366_S203,Bovine,1,1,1,0,1,1,1,0,1,1,1,1,1,1,1,1,1,1,1,0
B1367_S204,Bovine,1,1,1,0,1,1,1,0,1,1,1,1,1,1,1,1,1,1,1,0
B1368_S205,Bovine,1,1,1,0,1,1,1,0,1,1,1,1,1,1,1,1,1,1,1,0
B1369_S206,Bovine,1,1,0,0,1,1,0,0,1,1,1,1,1,1,1,1,1,1,1,0
B1370_S207,Bovine,1,1,1,0,1,1,1,0,1,1,1,1,1,1,1,1,1,1,1,0
B1372_S209,Bovine,1,1,1,0,1,1,1,0,1,1,1,1,1,1,1,1,1,1,1,0
B1378_S215,Bovine,1,1,1,0,1,1,1,0,1,1,1,1,1,1,1,1,1,1,1,0
B1383_S216,Bovine,1,1,1,0,1,1,1,0,1,1,1,1,1,1,1,1,1,1,1,0
B1390_S221,Bovine,1,1,1,0,1,1,1,0,1,1,1,1,1,1,1,1,1,1,1,0
B1394_S222,Bovine,1,1,0,0,1,1,0,0,1,1,1,1,1,1,1,1,1,1,1,0
B1400_S224,Bovine,1,1,1,0,1,1,1,0,1,1,1,1,1,1,1,1,1,1,1,0
B1405_S227,Bovine,1,1,1,0,1,1,1,0,1,1,1,1,1,1,1,1,1,1,1,0
B1411_S230,Bovine,1,1,1,0,1,1,1,0,1,1,1,1,1,1,1,1,1,1,1,0
B1416_S231,Bovine,1,1,1,0,1,1,1,0,1,1,1,1,1,1,1,1,1,1,1,0
B1417_S232,Bovine,1,1,1,0,1,1,1,0,1,1,1,1,1,1,1,1,1,1,1,0
B1422_S233,Bovine,1,1,1,0,1,1,1,0,1,1,1,1,1,1,1,1,1,1,1,0
B1423_S234,Bovine,1,1,1,0,1,1,1,0,1,1,1,1,1,1,1,1,1,1,1,0
B1425_S236,Bovine,1,1,1,0,1,1,1,0,1,1,1,1,1,1,1,1,1,1,1,0
B1434_S237,Bovine,1,1,1,0,1,1,1,0,1,1,1,1,1,1,1,1,1,1,1,0
B1436_S238,Bovine,1,1,0,0,1,1,0,0,1,1,1,1,1,1,1,1,1,1,1,0
B1437_S239,Bovine,1,1,0,0,1,1,0,0,1,1,1,1,1,1,1,1,1,1,1,0
B1438_S240,Bovine,1,1,1,0,1,1,1,0,1,1,1,1,1,1,1,1,1,1,1,0
B1439_S241,Bovine,1,1,1,0,1,1,1,0,1,1,1,1,1,1,1,1,1,1,1,0
B1440_S242,Bovine,1,1,1,0,1,1,1,0,1,1,1,1,1,1,1,1,1,1,1,0
B1441_S243,Bovine,1,1,1,0,1,1,1,0,1,1,1,1,1,1,1,1,1,1,1,0
B1442_S244,Bovine,1,1,1,0,1,1,1,0,1,1,1,1,1,1,1,1,1,1,1,0
B1448_S248,Bovine,1,1,1,0,1,1,1,0,1,1,1,1,1,1,1,1,1,1,1,0
B1452_S250,Bovine,1,1,0,0,1,1,0,0,1,1,1,1,1,1,1,1,1,1,1,0
B1455_S253,Bovine,1,1,0,0,1,1,0,0,1,1,1,1,1,1,1,1,1,1,1,0
B1456_S254,Bovine,1,1,0,0,1,1,0,0,1,1,1,1,1,1,1,1,1,1,1,0
B1457_S255,Bovine,1,1,0,0,1,1,0,0,1,1,1,1,1,1,1,1,1,1,1,0
B1458_S256,Bovine,1,1,0,0,1,1,0,0,1,1,1,1,1,1,1,1,1,1,1,0
B1460_S257,Bovine,1,1,1,0,1,1,1,0,1,1,1,1,1,1,1,1,1,1,1,0
B1461_S258,Bovine,1,1,1,0,1,1,1,0,1,1,1,1,1,1,1,1,1,1,1,0
B1462_S259,Bovine,1,1,0,0,1,1,0,0,1,1,1,1,1,1,1,1,1,1,1,0
B1471_S260,Bovine,1,1,1,0,1,1,1,0,1,1,1,1,1,1,1,1,1,1,1,0
B1472_S261,Bovine,1,1,1,0,1,1,1,0,1,1,1,1,1,1,1,1,1,1,1,0
B1473_S262,Bovine,1,1,1,0,1,1,1,0,1,1,1,1,1,1,1,1,1,1,1,0
B1482_S265,Bovine,1,1,0,0,1,1,0,0,1,1,1,1,1,1,1,1,1,1,1,0
B1483_S266,Bovine,1,1,0,0,1,1,0,0,1,1,1,1,1,1,1,1,1,1,1,0
B1484_S267,Bovine,1,1,1,0,1,1,1,0,1,1,1,1,1,1,1,1,1,1,1,0
B1486_S269,Bovine,1,1,1,0,1,1,1,0,1,1,1,1,1,1,1,1,1,1,1,0
B1489_S271,Bovine,1,1,1,0,1,1,1,0,1,1,1,1,1,1,1,1,1,1,1,0
B1498_S568,Bovine,1,1,1,0,1,1,1,0,1,1,1,1,1,1,1,1,1,1,1,0
B1500_S570,Bovine,1,1,0,0,1,1,0,0,1,1,1,1,1,1,1,1,1,1,1,0
B1512_S573,Bovine,1,1,1,0,1,1,1,0,1,1,1,1,1,1,1,1,1,1,1,0
B1513_S574,Bovine,1,1,1,0,1,1,1,0,1,1,1,1,1,1,1,1,1,1,1,0
B1518_S575,Bovine,1,1,1,0,1,1,1,0,1,1,1,1,1,1,1,1,1,1,1,0
B1520_S577,Bovine,1,1,0,0,1,1,0,0,1,1,1,1,1,1,1,1,1,1,1,0
B1522_S578,Bovine,1,1,1,0,1,1,1,0,1,1,1,1,1,1,1,1,1,1,1,0
B1526_S635,Bovine,1,1,1,0,1,1,1,0,1,1,1,1,1,1,1,1,1,1,1,0
B1542_S644,Bovine,1,1,1,0,1,1,1,0,1,1,1,1,1,1,1,1,1,1,1,0
B1546_S645,Bovine,1,1,1,0,1,1,1,0,1,1,1,1,1,1,1,1,1,1,1,0
B1547_S646,Bovine,1,1,1,0,1,1,1,0,1,1,1,1,1,1,1,1,1,1,1,0
B1548_S647,Bovine,1,1,0,0,1,1,0,0,1,1,1,1,1,1,1,1,1,1,1,0
B1550_S649,Bovine,1,1,0,0,1,1,0,0,1,1,1,1,1,1,1,1,1,1,1,0
B1554_S653,Bovine,1,1,1,0,1,1,1,0,1,1,1,1,1,1,1,1,1,1,1,0
B1566_S380,Bovine,1,1,1,0,1,1,1,0,0,1,1,1,1,1,1,1,1,1,1,0
B1568_S381,Bovine,1,1,1,0,1,1,1,0,1,1,1,1,1,1,1,1,1,1,1,0
B1569_S382,Bovine,1,1,1,0,1,1,1,0,1,1,1,1,1,1,1,1,1,1,1,0
B1571_S383,Bovine,1,1,1,0,1,1,1,0,1,1,1,1,1,1,1,1,1,1,1,0
B1572_S384,Bovine,1,1,1,0,1,1,1,0,1,1,1,1,1,1,1,1,1,1,1,0
B1573_S385,Bovine,1,1,1,0,1,1,1,0,1,1,1,1,1,1,1,1,1,1,1,0
B1574_S386,Bovine,1,1,1,0,1,1,1,0,1,1,1,1,1,1,1,1,1,1,1,0
B1575_S387,Bovine,1,1,1,0,1,1,1,0,1,1,1,1,1,1,1,1,1,1,1,0
B1577_S389,Bovine,1,1,1,0,1,1,1,0,1,1,1,1,1,1,1,1,1,1,1,0
B1587_S396,Bovine,1,1,1,0,1,1,1,0,1,1,1,1,1,1,1,1,1,1,1,0
B1588_S397,Bovine,1,1,1,0,1,1,1,0,1,1,1,1,1,1,1,1,1,1,1,0
B1590_S399,Bovine,1,1,1,0,1,1,1,0,1,1,1,1,1,1,1,1,1,1,1,0
B1591_S400,Bovine,1,1,1,0,1,1,1,0,1,1,1,1,1,1,1,1,1,1,1,0
B1592_S401,Bovine,1,1,1,0,1,1,1,0,1,1,1,1,1,1,1,1,1,1,1,0
B1593_S402,Bovine,1,1,1,0,1,1,1,0,1,1,1,1,1,1,1,1,1,1,1,0
B1594_S403,Bovine,1,1,1,0,1,1,1,0,1,1,1,1,1,1,1,1,1,1,1,0
B1597_S406,Bovine,1,1,1,0,1,1,1,0,1,1,1,1,1,1,1,1,1,1,1,0
B1598_S407,Bovine,1,1,1,0,1,1,1,0,1,1,1,1,1,1,1,1,1,1,1,0
B1599_S408,Bovine,1,1,1,0,1,1,1,0,1,1,1,1,1,1,1,1,1,1,1,0
B1600_S409,Bovine,1,1,1,0,1,1,1,0,1,1,1,1,1,1,1,1,1,1,1,0
B1602_S411,Bovine,1,1,1,0,1,1,1,0,1,1,0,1,1,1,1,1,1,1,1,0
B1603_S412,Bovine,1,1,1,0,1,1,1,0,1,1,0,1,1,1,1,1,1,1,1,0
B1607_S415,Bovine,1,1,1,0,1,1,1,0,1,1,1,1,1,1,1,1,1,1,1,0
B1608_S416,Bovine,1,1,1,0,1,1,1,0,1,1,1,1,1,1,1,1,1,1,1,0
B1609_S417,Bovine,1,1,1,0,1,1,1,0,1,1,1,1,1,1,1,1,1,1,1,0
B1611_S419,Bovine,1,1,1,0,1,1,1,0,1,1,1,1,1,1,1,1,1,1,1,0
B1612_S420,Bovine,1,1,1,0,1,1,1,0,1,1,1,1,1,1,1,1,1,1,1,0
B1615_S423,Bovine,1,1,0,0,1,1,0,0,1,1,1,1,1,1,1,1,1,1,1,0
B1616_S424,Bovine,1,1,0,0,1,1,0,0,1,1,1,1,1,1,1,1,1,1,1,0
B1617_S425,Bovine,1,1,1,0,1,1,1,0,1,1,1,1,1,1,1,1,1,1,1,0
B1618_S426,Bovine,1,1,1,0,1,1,1,0,1,1,1,1,1,1,1,1,1,1,1,0
B1620_S428,Bovine,1,1,1,0,1,1,1,0,1,1,1,1,1,1,1,1,1,1,1,0
B1622_S430,Bovine,1,1,1,0,1,1,1,0,1,1,1,1,1,1,1,1,1,1,1,0
B1638_S711,Bovine,1,1,1,0,1,1,1,0,1,1,1,1,1,1,1,1,1,1,1,0
B1640_S712,Bovine,1,1,1,0,1,1,1,0,1,1,1,1,1,1,1,1,1,1,1,0
B1665_S713,Bovine,1,1,1,0,1,1,1,0,1,1,1,1,1,1,1,1,1,1,1,0
B1667_S714,Bovine,1,1,0,0,1,1,0,0,1,1,1,1,1,1,1,1,1,1,1,0
B1670_S715,Bovine,1,1,1,0,1,1,1,0,1,1,1,1,1,1,1,1,1,1,1,0
B1718_S721,Bovine,1,1,1,0,1,1,1,0,1,1,1,1,1,1,1,1,1,1,1,0
B1719_S722,Bovine,1,1,1,0,1,1,1,0,1,1,1,1,1,1,1,1,1,1,1,0
B1729_S723,Bovine,1,1,1,0,1,1,1,0,1,1,1,1,1,1,1,1,1,1,1,0
B1730_S724,Bovine,1,1,1,0,1,1,1,0,1,1,1,1,1,1,1,1,1,1,1,0
B1734_S725,Bovine,1,1,0,0,1,1,0,0,1,1,1,1,1,1,1,1,1,1,1,0
B1735_S726,Bovine,1,1,0,0,1,1,0,0,1,1,1,1,1,1,1,1,1,1,1,0
B1750_S727,Bovine,1,1,1,0,1,1,1,0,1,1,1,1,1,1,1,1,1,1,1,0
B1751_S728,Bovine,1,1,1,0,1,1,1,0,1,1,1,1,1,1,1,1,1,1,1,0
B1769_S730,Bovine,1,1,1,0,1,1,1,0,1,1,1,1,1,1,1,1,1,1,1,0
B1775_S1_L001,Bovine,1,1,1,0,1,1,1,0,1,1,1,1,1,1,1,1,1,1,1,0
B1822_S7_L001,Bovine,1,1,1,0,1,1,1,0,1,1,1,1,1,1,1,1,1,1,1,0
B1823_S8_L001,Bovine,1,1,1,0,1,1,1,0,1,1,1,1,1,1,1,1,1,1,1,0
B1824_S5_L001,Bovine,1,1,1,0,1,1,1,0,1,1,1,1,1,1,1,1,1,1,1,0
B1825_S6_L001,Bovine,1,1,0,0,1,1,0,0,1,1,1,1,1,1,1,1,1,1,1,0
B1826_S7_L001,Bovine,1,1,0,0,1,1,0,0,1,1,1,1,1,1,1,1,1,1,1,0
B1830_S8_L001,Bovine,1,1,1,0,1,1,1,0,1,1,1,1,1,1,1,1,1,1,1,0
B1831_S745,Bovine,1,1,0,0,1,1,0,0,1,1,1,1,1,1,1,1,1,1,1,0
B1864_S746,Bovine,1,1,1,0,1,1,1,0,1,1,1,1,1,1,1,1,1,1,1,0
B1865_S747,Bovine,1,1,1,0,1,1,1,0,1,1,1,1,1,1,1,1,1,1,1,0
B1873_S748,Bovine,1,1,1,0,1,1,1,0,1,1,1,0,1,1,1,1,1,1,1,0
B1874_S749,Bovine,1,1,1,0,1,1,1,0,1,1,1,0,1,1,1,1,1,1,1,0
B1890_S750,Bovine,1,1,1,0,1,1,1,0,1,1,1,1,1,1,1,1,1,1,1,0
B247_S101,Bovine,1,1,0,0,1,1,0,0,1,1,1,1,1,1,1,1,1,1,1,0
B248_S102,Bovine,1,1,0,0,1,1,0,0,1,1,1,1,1,1,1,1,1,1,1,0
B253_S103,Bovine,1,1,1,0,1,1,1,0,1,1,1,1,1,1,1,1,1,1,1,0
B254_S104,Bovine,1,1,1,0,1,1,1,0,1,1,1,1,1,1,1,1,1,1,1,0
B257_S105,Bovine,1,1,1,0,1,1,1,0,1,1,1,1,1,1,1,1,1,1,1,0
B261_S107,Bovine,1,1,1,0,1,1,1,0,1,1,1,1,1,1,1,1,1,1,1,0
B271_S109,Bovine,1,1,1,0,1,1,1,0,1,1,1,1,1,1,1,1,1,1,1,0
B272_S110,Bovine,1,1,1,0,1,1,1,0,1,1,1,1,1,1,1,1,1,1,1,0
B277_S111,Bovine,1,1,1,0,1,1,1,0,1,1,1,1,1,1,1,1,1,1,1,0
B285_S113,Bovine,1,1,1,0,1,1,1,0,1,1,1,1,1,1,1,1,1,1,1,0
B286_S114,Bovine,1,1,1,0,1,1,1,0,1,1,1,1,1,1,1,1,1,1,1,0
B291_S115,Bovine,1,1,1,0,1,1,1,0,1,1,1,1,1,1,1,1,1,1,1,0
B294_S117,Bovine,1,1,1,0,1,1,1,0,1,1,1,1,1,1,1,1,1,1,1,0
B296_S118,Bovine,1,1,1,0,1,1,1,0,1,1,1,1,1,1,1,1,1,1,1,0
B299_S119,Bovine,1,1,1,0,1,1,1,0,1,1,1,1,1,1,1,1,1,1,1,0
B300_S120,Bovine,1,1,1,0,1,1,1,0,1,1,1,1,1,1,1,1,1,1,1,0
B310_S123,Bovine,1,1,0,0,1,1,0,0,1,1,1,1,1,1,1,1,1,1,1,0
B312_S124,Bovine,1,1,1,0,1,1,1,0,1,1,1,1,1,1,1,1,1,1,1,0
B313_S125,Bovine,1,1,1,0,1,1,1,0,1,1,1,1,1,1,1,1,1,1,1,0
B318_S126,Bovine,1,1,1,0,1,1,1,0,1,1,1,1,1,1,1,1,1,1,1,0
B333_S127,Bovine,1,1,0,0,1,1,0,0,1,1,1,1,1,1,1,1,1,1,1,0
B339_S133,Bovine,1,1,1,0,1,1,1,0,1,1,1,1,1,1,1,1,1,1,1,0
B340_S134,Bovine,1,1,1,0,1,1,1,0,1,1,1,1,1,1,1,1,1,1,1,0
B346_S135,Bovine,1,1,1,0,1,1,1,0,1,1,1,1,1,1,1,1,1,1,1,0
B350_S136,Bovine,1,1,1,0,1,1,1,0,1,1,1,1,1,1,1,1,1,1,1,0
B354_S137,Bovine,1,1,1,0,1,1,1,0,1,1,1,1,1,1,1,1,1,1,1,0
B356_S138,Bovine,1,1,1,0,1,1,1,0,1,1,1,1,1,1,1,1,1,1,1,0
B368_S139,Bovine,1,1,1,0,1,1,1,0,1,1,1,1,1,1,1,1,1,1,1,0
B385_S142,Bovine,1,1,1,0,1,1,1,0,1,1,1,1,1,1,1,1,1,1,1,0
B386_S143,Bovine,1,1,1,0,1,1,1,0,1,1,1,1,1,1,1,1,1,1,1,0
B389_S145,Bovine,1,1,1,0,1,1,1,0,1,1,1,1,1,1,1,1,1,1,1,0
B393_S146,Bovine,1,1,1,0,1,1,1,0,1,1,1,1,1,1,1,1,1,1,1,0
B401_S148,Bovine,1,1,1,0,1,1,1,0,1,1,1,1,1,1,1,1,1,1,1,0
B402_S149,Bovine,1,1,1,0,1,1,1,0,1,1,1,1,1,1,1,1,1,1,1,0
B409_S150,Bovine,1,1,1,0,1,1,1,0,1,1,1,1,1,1,1,1,1,1,1,0
B410_S151,Bovine,1,1,1,0,1,1,1,0,1,1,1,1,1,1,1,1,1,1,1,0
B414_S153,Bovine,1,1,1,0,1,1,1,0,1,1,1,1,1,1,1,1,1,1,1,0
B455_S157,Bovine,1,1,1,0,1,1,1,0,1,1,0,1,1,1,1,1,1,1,1,0
B457_S158,Bovine,1,1,1,0,1,1,1,0,1,1,1,1,1,1,1,1,1,1,1,0
B460_S159,Bovine,1,1,0,0,1,1,0,0,1,1,1,1,1,1,1,1,1,1,1,0
B482_S161,Bovine,1,1,0,0,1,1,0,0,1,1,1,1,1,1,1,1,1,1,1,0
B486_S162,Bovine,1,1,1,0,1,1,1,0,1,1,1,1,1,1,1,1,1,1,1,0
B497_S163,Bovine,1,1,0,0,1,1,0,0,1,1,1,1,1,1,1,1,1,1,1,0
B513_S3,Bovine,1,1,1,0,1,1,1,0,1,1,1,1,1,1,1,1,1,1,1,0
B514_S4,Bovine,1,1,1,0,1,1,1,0,1,1,1,1,1,1,1,1,1,1,1,0
B531_S21,Bovine,1,1,1,0,1,1,1,0,1,1,1,1,1,1,1,1,1,1,1,0
B556_S46,Bovine,1,1,1,0,1,1,1,0,1,1,1,1,1,1,1,1,1,1,1,0
B565_S55,Bovine,1,1,1,0,1,1,1,0,1,1,1,1,1,1,1,1,1,1,1,0
B566_S56,Bovine,1,1,1,0,1,1,1,0,1,1,1,1,1,1,1,1,1,1,1,0
B591_S81,Bovine,1,1,1,0,1,1,1,0,1,1,1,1,1,1,1,1,1,1,1,0
B592_S82,Bovine,1,1,1,0,1,1,1,0,1,1,1,1,1,1,1,1,1,1,1,0
B610_S166,Bovine,1,1,1,0,1,1,1,0,1,1,1,1,1,1,1,1,1,1,1,0
B611_S167,Bovine,1,1,1,0,1,1,1,0,1,1,1,1,1,1,1,1,1,1,1,0
B677_S173,Bovine,1,1,1,0,1,1,1,0,1,1,1,1,1,1,1,1,1,1,1,0
B680_S175,Bovine,1,1,1,0,1,1,1,0,1,1,1,1,1,1,1,1,1,1,1,0
B682_S176,Bovine,1,1,1,0,1,1,1,0,1,1,1,1,1,1,1,1,1,1,1,0
B684_S177,Bovine,1,1,1,0,1,1,1,0,1,1,1,1,1,1,1,1,1,1,1,0
B691_S178,Bovine,1,1,1,0,1,1,1,0,1,1,1,1,1,1,1,1,1,1,1,0
B692_S179,Bovine,1,1,1,0,1,1,1,0,1,1,1,1,1,1,1,1,1,1,1,0
B701_S180,Bovine,1,1,1,0,1,1,1,0,1,1,1,1,1,1,1,1,1,1,1,0
B702_S181,Bovine,1,1,1,0,1,1,1,0,1,1,1,1,1,1,1,1,1,1,1,0
B703_S182,Bovine,1,1,1,0,1,1,1,0,1,1,1,1,1,1,1,1,1,1,1,0
B705_S184,Bovine,1,1,1,0,1,1,1,0,1,1,1,1,1,1,1,1,1,1,1,0
B709_S674,Bovine,1,1,1,0,1,1,1,0,1,1,1,1,1,1,1,1,1,1,1,0
B711_S676,Bovine,1,1,1,0,1,1,1,0,1,1,1,1,1,1,1,1,1,1,1,0
B712_S677,Bovine,1,1,1,0,1,1,1,0,1,1,1,1,1,1,1,1,1,1,1,0
B715_S678,Bovine,1,1,1,0,1,1,1,0,1,1,1,1,1,1,1,1,1,1,1,0
B716_S679,Bovine,1,1,1,0,1,1,1,0,1,1,1,1,1,1,1,1,1,1,1,0
B719_S680,Bovine,1,1,0,0,1,1,0,0,1,1,1,1,1,1,1,1,1,1,1,0
B721_S682,Bovine,1,1,1,0,1,1,1,0,1,1,1,1,1,1,1,1,1,1,1,0
B725_S685,Bovine,1,1,0,0,1,1,0,0,1,1,1,1,1,1,1,1,1,1,1,0
B727_S686,Bovine,1,1,0,0,1,1,0,0,1,1,1,1,1,1,1,1,1,1,1,0
B728_S687,Bovine,1,1,0,0,1,1,0,0,1,1,1,1,1,1,1,1,1,1,1,0
B730_S689,Bovine,1,1,1,0,1,1,1,0,1,1,1,1,1,1,1,1,1,1,1,0
B733_S691,Bovine,1,1,1,0,1,1,1,0,1,1,1,1,1,1,1,1,1,1,1,0
B741_S693,Bovine,1,1,1,0,1,1,1,0,1,1,1,1,1,1,1,1,1,1,1,0
B743_S694,Bovine,1,1,1,0,1,1,1,0,1,1,1,1,1,1,1,1,1,1,1,0
B763_S697,Bovine,1,1,1,0,1,1,1,0,1,1,1,1,1,1,1,1,1,1,1,0
B772_S698,Bovine,1,1,1,0,1,1,1,0,1,1,1,1,1,1,1,1,1,1,1,0
B777_S699,Bovine,1,1,1,0,1,1,1,0,1,1,1,1,1,1,1,1,1,1,1,0
B778_S700,Bovine,1,1,1,0,1,1,1,0,1,1,1,1,1,1,1,1,1,1,1,0
B779_S701,Bovine,1,1,1,0,1,1,1,0,1,1,1,1,1,1,1,1,1,1,1,0
B780_S702,Bovine,1,1,1,0,1,1,1,0,1,1,1,1,1,1,1,1,1,1,1,0
B783_S703,Bovine,1,1,1,0,1,1,1,0,1,1,1,0,1,1,1,1,1,1,1,0
B785_S704,Bovine,1,1,0,0,1,1,0,0,1,1,1,1,1,1,1,1,1,1,1,0
B786_S705,Bovine,1,1,0,0,1,1,0,0,1,1,1,1,1,1,1,1,1,1,1,0
B788_S707,Bovine,1,1,0,0,1,1,0,0,1,1,1,1,1,1,1,1,1,1,1,0
B789_S708,Bovine,1,1,1,0,1,1,1,0,1,1,1,1,1,1,1,1,1,1,1,0
B790_S709,Bovine,1,1,0,0,1,1,0,0,1,1,1,1,1,1,1,1,1,1,1,0
B793_S712,Bovine,1,1,1,0,1,1,1,0,1,1,1,1,1,1,1,1,1,1,1,0
B794_S713,Bovine,1,1,1,0,1,1,1,0,1,1,1,1,1,1,1,1,1,1,1,0
B796_S715,Bovine,1,1,1,0,1,1,1,0,1,1,1,1,1,1,1,1,1,1,1,0
B801_S716,Bovine,1,1,1,0,1,1,1,0,1,1,1,1,1,1,1,1,1,1,1,0
B814_S725,Bovine,1,1,0,0,1,1,0,0,1,1,1,1,1,1,1,1,1,1,1,0
B819_S726,Bovine,1,1,0,0,1,1,0,0,1,1,1,1,1,1,1,1,1,1,1,0
B820_S727,Bovine,1,1,0,0,1,1,0,0,1,1,1,1,1,1,1,1,1,1,1,0
B824_S728,Bovine,1,1,0,0,1,1,0,0,1,1,1,1,1,1,1,1,1,1,1,0
B825_S729,Bovine,1,1,1,0,1,1,1,0,1,1,1,1,1,1,1,1,1,1,1,0
B826_S730,Bovine,1,1,1,0,1,1,1,0,1,1,1,1,1,1,1,1,1,1,1,0
B834_S731,Bovine,1,1,1,0,1,1,1,0,1,1,1,1,1,1,1,1,1,1,1,0
B835_S732,Bovine,1,1,1,0,1,1,1,0,1,1,1,1,1,1,1,1,1,1,1,0
B839_S734,Bovine,1,1,0,0,1,1,0,0,1,1,1,1,1,1,1,1,1,1,1,0
B840_S735,Bovine,1,1,0,0,1,1,0,0,1,1,1,1,1,1,1,1,1,1,1,0
B841_S736,Bovine,1,1,0,0,1,1,0,0,1,1,1,1,1,1,1,1,1,1,1,0
B842_S737,Bovine,1,1,0,0,1,1,0,0,1,1,1,1,1,1,1,1,1,1,1,0
B843_S738,Bovine,1,1,1,0,1,1,1,0,1,1,1,1,1,1,1,1,1,1,1,0
B844_S739,Bovine,1,1,1,0,1,1,1,0,1,1,1,1,1,1,1,1,1,1,1,0
B845_S740,Bovine,1,1,1,0,1,1,1,0,1,1,1,1,1,1,1,1,1,1,1,0
B846_S741,Bovine,1,1,1,0,1,1,1,0,1,1,1,1,1,1,1,1,1,1,1,0
B847_S742,Bovine,1,1,1,0,1,1,1,0,1,1,1,1,1,1,1,1,1,1,1,0
B848_S743,Bovine,1,1,1,0,1,1,1,0,1,1,1,1,1,1,1,1,1,1,1,0
B849_S744,Bovine,1,1,1,0,1,1,1,0,1,1,1,1,1,1,1,1,1,1,1,0
B852_S747,Bovine,1,1,1,0,1,1,1,0,1,1,1,1,1,1,1,1,1,1,1,0
B859_S748,Bovine,1,1,1,0,1,1,1,0,1,1,0,1,1,1,1,1,1,1,1,0
B872_S749,Bovine,1,1,1,0,1,1,1,0,1,1,1,1,1,1,1,1,1,1,1,0
B875_S751,Bovine,1,1,0,0,1,1,0,0,1,1,1,1,1,1,1,1,1,1,1,0
B879_S754,Bovine,1,1,1,0,1,1,1,0,1,1,1,1,1,1,1,1,1,1,1,0
B880_S755,Bovine,1,1,1,0,1,1,1,0,1,1,1,1,1,1,1,1,1,1,1,0
B882_S757,Bovine,1,1,1,0,1,1,1,0,1,1,1,1,1,1,1,1,1,1,1,0
B887_S758,Bovine,1,1,1,0,1,1,1,0,1,1,1,1,1,1,1,1,1,1,1,0
B898_S761,Bovine,1,1,1,0,1,1,1,0,1,1,1,1,1,1,1,1,1,1,1,0
B899_S762,Bovine,1,1,1,0,1,1,1,0,1,1,1,1,1,1,1,1,1,1,1,0
B900_S763,Bovine,1,1,1,0,1,1,1,0,1,1,1,1,1,1,1,1,1,1,1,0
B903_S387,Bovine,1,1,1,0,1,1,1,0,1,1,1,1,1,1,1,1,1,1,1,0
B904_S388,Bovine,1,1,1,0,1,1,1,0,1,1,1,1,1,1,1,1,1,1,1,0
B908_S390,Bovine,1,1,0,0,1,1,0,0,1,1,1,1,1,1,1,1,1,1,1,0
B909_S391,Bovine,1,1,0,0,1,1,0,0,1,1,1,1,1,1,1,1,1,1,1,0
B916_S394,Bovine,1,1,1,0,1,1,1,0,1,1,1,1,1,1,1,1,1,1,1,0
B917_S395,Bovine,1,1,1,0,1,1,1,0,1,1,1,1,1,1,1,1,1,1,1,0
B918_S396,Bovine,1,1,1,0,1,1,1,0,1,1,1,1,1,1,1,1,1,1,1,0
B921_S397,Bovine,1,1,1,0,1,1,1,0,1,1,1,1,1,1,1,1,1,1,1,0
B922_S398,Bovine,1,1,1,0,1,1,1,0,1,1,1,1,1,1,1,1,1,1,1,0
B923_S399,Bovine,1,1,1,0,1,1,1,0,1,1,1,1,1,1,1,1,1,1,1,0
B925_S401,Bovine,1,1,1,0,1,1,1,0,1,1,1,1,1,1,1,1,1,1,1,0
B928_S403,Bovine,1,1,1,0,1,1,1,0,1,1,1,1,1,1,1,1,1,1,1,0
B931_S404,Bovine,1,1,1,0,1,1,1,0,1,1,1,1,1,1,1,1,1,1,1,0
B935_S407,Bovine,1,1,1,0,1,1,1,0,1,1,1,1,1,1,1,1,1,1,1,0
B936_S408,Bovine,1,1,1,0,1,1,1,0,1,1,1,1,1,1,1,1,1,1,1,0
B949_S579,Bovine,1,1,1,0,1,1,1,0,1,1,1,1,1,1,1,1,1,1,1,0
B972_S413,Bovine,1,1,1,0,1,1,1,0,1,1,1,1,1,1,1,1,1,1,1,0
B973_S414,Bovine,1,1,1,0,1,1,1,0,1,1,1,1,1,1,1,1,1,1,1,0
B974_S415,Bovine,1,1,1,0,1,1,1,0,1,1,1,1,1,1,1,1,1,1,1,0
B977_S416,Bovine,1,1,1,0,1,1,1,0,1,1,1,1,1,1,1,1,1,1,1,0
B978_S417,Bovine,1,1,0,0,1,1,0,0,1,1,1,1,1,1,1,1,1,1,1,0
B989_S420,Bovine,1,1,1,0,1,1,1,0,1,1,1,1,1,1,1,1,1,1,1,0
B990_S421,Bovine,1,1,1,0,1,1,1,0,1,1,1,1,1,1,1,1,1,1,1,0
B995_S423,Bovine,1,1,1,0,1,1,1,0,1,1,1,1,1,1,1,1,1,1,1,0
B996_S424,Bovine,1,1,1,0,1,1,1,0,1,1,1,1,1,1,1,1,1,1,1,0
B997_S425,Bovine,1,1,1,0,1,1,1,0,1,1,1,1,1,1,1,1,1,1,1,0
B998_S426,Bovine,1,1,1,0,1,1,1,0,1,1,1,1,1,1,1,1,1,1,1,0
B999_S427,Bovine,1,1,1,0,1,1,1,0,1,1,1,1,1,1,1,1,1,1,1,0
BOV89_S612,Bovine,1,1,1,0,1,1,1,0,1,1,1,1,1,1,1,1,1,1,1,0
BOV94_S636,Bovine,1,1,1,0,1,1,1,0,1,1,1,1,1,1,1,1,1,1,1,0
BOV95_S648,Bovine,1,1,1,0,1,1,1,0,1,1,1,1,1,1,1,1,1,1,1,0
BOV9_S609,Bovine,1,1,1,0,1,1,1,0,1,1,1,1,1,1,1,1,1,1,1,0
ERR10438786,Human,1,1,0,1,1,1,0,1,1,1,1,1,1,1,1,1,1,1,1,0
ERR10438787,Human,1,1,0,0,1,1,0,0,1,1,1,1,1,1,1,1,1,1,1,0
ERR1201311,Human,1,1,0,1,1,1,0,1,1,1,1,1,1,1,1,1,1,1,1,0
ERR1201312,Human,1,1,0,0,1,1,0,0,1,1,1,1,1,1,1,1,1,1,1,0
ERR1201313,Human,1,1,0,1,1,1,0,1,1,1,1,1,1,1,1,1,1,1,1,0
ERR1201314,Human,1,1,0,1,1,1,0,1,1,1,1,1,1,1,1,1,1,1,1,0
ERR1201315,Human,1,1,0,1,1,1,0,1,1,1,1,1,1,1,1,1,1,1,1,0
ERR1201316,Human,1,1,0,1,1,1,0,1,1,1,1,1,1,1,1,1,1,1,1,0
H0736_S330,Human,1,1,0,0,1,1,0,0,1,1,1,1,1,1,1,1,1,1,1,0
H1077_S296,Human,1,1,0,1,1,1,0,1,1,1,1,1,1,1,1,1,1,1,1,0
H1820_S687,Human,1,1,0,0,1,1,0,0,1,1,1,1,1,1,1,1,1,1,1,0
H2055_S310,Human,1,1,0,1,1,1,0,1,1,1,1,1,1,1,1,1,1,1,1,0
H4498_S333,Human,1,1,0,1,1,1,0,1,1,1,1,1,1,1,1,1,1,1,1,0
H5497_S381,Human,1,1,0,0,1,1,0,0,0,1,1,1,1,1,1,1,1,1,1,0
H5731_S350,Human,1,1,0,1,1,1,0,1,1,1,1,1,1,1,1,1,1,1,1,0
H8195_S291,Human,1,1,0,0,1,1,0,0,1,1,1,1,1,1,1,1,1,1,1,0
H8815_S331,Human,1,1,0,1,1,1,0,1,1,1,1,1,1,1,1,1,1,1,1,0
K563,Bovine,1,1,1,0,1,1,1,0,1,1,1,1,1,1,1,1,1,1,1,0
K569,Bovine,1,1,1,0,1,1,1,0,1,1,1,1,1,1,1,1,1,1,1,0
K570,Bovine,1,1,1,0,1,1,1,0,1,1,1,1,1,1,1,1,1,1,1,0
K573,Bovine,1,1,1,0,1,1,1,0,1,1,1,1,1,1,1,1,1,1,1,0
K575,Bovine,1,1,0,0,1,1,0,0,1,1,0,1,1,1,1,1,1,1,1,0
K576,Bovine,1,1,1,0,1,1,1,0,1,1,1,1,1,1,1,1,1,1,1,0
K577,Bovine,1,1,1,0,1,1,1,0,1,1,1,1,1,1,1,1,1,1,1,0
K578,Bovine,1,1,1,0,1,1,1,0,1,1,1,1,1,1,1,1,1,1,1,0
K579,Bovine,1,1,1,0,1,1,1,0,1,1,1,1,1,1,1,1,1,1,1,0
K580,Bovine,1,1,0,0,1,1,0,0,1,1,1,1,1,1,1,1,1,1,1,0
K591,Bovine,1,1,1,0,1,1,1,0,1,1,0,1,1,1,1,1,1,1,1,0
K597,Bovine,1,1,1,0,1,1,1,0,1,1,1,1,1,1,1,1,1,1,1,0
K606,Bovine,1,1,1,0,1,1,1,0,1,1,1,1,1,1,1,1,1,1,1,0
K607,Bovine,1,1,1,0,1,1,1,0,1,1,1,1,1,1,1,1,1,1,1,0
K610,Bovine,1,1,1,0,1,1,1,0,1,1,1,1,1,1,1,1,1,1,1,0
K613,Bovine,1,1,1,0,1,1,1,0,1,1,1,1,1,1,1,1,1,1,1,0
K614,Bovine,1,1,1,0,1,1,1,0,1,1,1,1,1,1,1,1,1,1,1,0
K618,Bovine,1,1,1,0,1,1,1,0,1,1,1,1,1,1,1,1,1,1,1,0
K621,Bovine,1,1,1,0,1,1,1,0,1,1,1,1,1,1,1,1,1,1,1,0
K622,Bovine,1,1,0,0,1,1,0,0,1,1,1,1,1,1,1,1,1,1,1,0
K623,Bovine,1,1,1,0,1,1,1,0,1,1,1,1,1,1,1,1,1,1,1,0
K624,Bovine,1,1,1,0,1,1,1,0,1,1,1,1,1,1,1,1,1,1,1,0
K625,Bovine,1,1,1,0,1,1,1,0,1,1,1,1,1,1,1,1,1,1,1,0
K626,Bovine,1,1,0,0,1,1,0,0,1,1,1,1,1,1,1,1,1,1,1,0
K628,Bovine,1,1,1,0,1,1,1,0,1,1,1,1,1,1,1,1,1,1,1,0
K630,Bovine,1,1,0,0,1,1,0,0,1,1,1,1,1,1,1,1,1,1,1,0
K631,Bovine,1,1,0,0,1,1,0,0,1,1,1,1,1,1,1,1,1,1,1,0
K632,Bovine,1,1,1,0,1,1,1,0,1,1,1,1,1,1,1,1,1,1,1,0
K633,Bovine,1,1,1,0,1,1,1,0,1,1,1,1,1,1,1,1,1,1,1,0
K634,Bovine,1,1,0,0,1,1,0,0,1,1,1,1,1,1,1,1,1,1,1,0
K638,Bovine,1,1,1,0,1,1,1,0,1,1,1,1,1,1,1,1,1,1,1,0
K644,Bovine,1,1,1,0,1,1,1,0,1,1,1,1,1,1,1,1,1,1,1,0
K648,Bovine,1,1,1,0,1,1,1,0,1,1,1,1,1,1,1,1,1,1,1,0
K652,Bovine,1,1,1,0,1,1,1,0,1,1,1,1,1,1,1,1,1,1,1,0
K654,Bovine,1,1,1,0,1,1,1,0,1,1,1,1,1,1,1,1,1,1,1,0
K655,Bovine,1,1,1,0,1,1,1,0,1,1,1,1,1,1,1,1,1,1,1,0
K661,Bovine,1,1,1,0,1,1,1,0,1,1,1,1,1,1,1,1,1,1,1,0
K673,Bovine,1,1,1,0,1,1,1,0,1,1,1,1,1,1,1,1,1,1,1,0
K674,Bovine,1,1,1,0,1,1,1,0,1,1,1,1,1,1,1,1,1,1,1,0
K675,Bovine,1,1,1,0,1,1,1,0,1,1,1,1,1,1,1,1,1,1,1,0
K676,Bovine,1,1,1,0,1,1,1,0,1,1,1,1,1,1,1,1,1,1,1,0
LIC156_S344,Bovine,1,1,1,0,1,1,1,0,1,1,1,1,1,1,1,1,1,1,1,0
LIC176_S364,Bovine,1,1,0,0,1,1,0,0,1,1,1,1,1,1,1,1,1,1,1,0
LIC245_S247,Bovine,1,1,0,0,1,1,0,0,1,1,1,1,1,1,1,1,1,1,1,0
LIC565_S474,Bovine,1,1,1,0,1,1,1,0,1,1,1,1,1,1,1,1,1,1,1,0
LIC575_S484,Bovine,1,1,0,0,1,1,0,0,1,1,1,1,1,1,1,1,1,1,1,0
LIC650_S559,Bovine,1,1,0,0,1,1,0,0,1,1,1,1,1,1,1,1,1,1,1,0
LIC651_S560,Bovine,1,1,0,0,1,1,0,0,1,1,1,1,1,1,1,1,1,1,1,0
LIC652_S561,Bovine,1,1,0,0,1,1,0,0,1,1,1,1,1,1,1,1,1,1,1,0
LIC673_S677,Bovine,1,1,1,0,1,1,1,0,1,1,1,1,1,1,1,1,1,1,1,0
LIC683_S687,Bovine,1,1,1,0,1,1,1,0,1,1,1,1,1,1,1,1,1,1,1,0
LIC684_S688,Bovine,1,1,0,0,1,1,0,0,1,1,1,1,1,1,1,1,1,1,1,0
LIC685_S689,Bovine,1,1,0,0,1,1,0,0,1,1,1,1,1,1,1,1,1,1,1,0
LIC686_S690,Bovine,1,1,0,0,1,1,0,0,1,1,1,1,1,1,1,1,1,1,1,0
LIC687_S691,Bovine,1,1,0,0,1,1,0,0,1,1,1,1,1,1,1,1,1,1,1,0
LICB1596_S616,Bovine,1,1,1,0,1,1,1,0,1,1,1,1,1,1,1,1,1,1,1,0
LICB1629_S640,Bovine,1,1,1,0,1,1,1,0,1,1,1,1,1,1,1,1,1,1,1,0
LICB1631_S652,Bovine,1,1,1,0,1,1,1,0,1,1,1,1,1,1,1,1,1,1,1,0
LICB1653_S664,Bovine,1,1,1,0,1,1,1,0,1,1,1,1,1,1,1,1,1,1,1,0
LICB1656_S581,Bovine,1,1,1,0,1,1,1,0,1,1,1,1,1,1,1,1,1,1,1,0
LICB1676_S593,Bovine,1,1,0,0,1,1,0,0,1,1,1,1,1,1,1,1,1,1,1,0
LICB1677_S605,Bovine,1,1,1,0,1,1,1,0,1,1,1,1,1,1,1,1,1,1,1,0
LICB1752_S641,Bovine,1,1,0,0,1,1,0,0,1,1,1,1,1,1,1,1,1,1,1,0
SRR12701032,Human,1,1,0,1,1,1,0,1,1,1,1,1,1,1,1,1,1,1,1,0
SRR12701033,Human,1,1,0,1,1,1,0,1,1,1,1,1,1,1,1,1,1,1,1,0
SRR12701034,Human,1,1,0,1,1,1,0,1,1,1,1,1,1,1,1,1,1,1,1,0
SRR12701038,Human,1,1,0,1,1,1,0,1,1,1,1,1,1,1,1,1,1,1,1,0
SRR12701043,Human,1,1,0,1,1,1,0,1,1,1,1,1,1,1,1,1,1,1,1,0
SRR12701044,Human,1,1,0,1,1,1,0,1,1,1,1,1,1,1,1,1,1,1,1,0
SRR12701045,Human,1,1,0,1,1,1,0,1,1,1,1,1,1,1,1,1,1,1,1,0
SRR12701046,Human,1,1,0,1,1,1,0,1,1,1,1,1,1,1,1,1,1,1,1,0
SRR12701047,Human,1,1,0,1,1,1,0,1,1,1,1,1,1,1,1,1,1,1,1,0
SRR12701048,Human,1,1,0,1,1,1,0,1,1,1,1,1,1,1,1,1,1,1,1,0
SRR12701049,Human,1,1,0,1,1,1,0,1,1,1,1,1,1,1,1,1,1,1,1,0
SRR12701050,Human,1,1,0,1,1,1,0,1,1,1,1,1,1,1,1,1,1,1,1,0
SRR12701051,Human,1,1,0,1,1,1,0,1,1,1,1,1,1,1,1,1,1,1,1,0
SRR12701052,Human,1,1,0,1,1,1,0,1,1,1,1,1,1,1,1,1,1,1,1,0
SRR12701053,Human,1,1,0,1,1,1,0,1,1,1,1,1,1,1,1,1,1,1,1,0
SRR12701054,Human,1,1,0,1,1,1,0,1,1,1,1,1,1,1,1,1,1,1,1,0
SRR12701055,Human,1,1,0,1,1,1,0,1,1,1,1,1,1,1,1,1,1,1,1,0
SRR12701056,Human,1,1,0,1,1,1,0,1,1,1,1,1,1,1,1,1,1,1,1,0
SRR12701057,Human,1,1,0,1,1,1,0,1,1,1,1,1,1,1,1,1,1,1,1,0
SRR12701058,Human,1,1,0,1,1,1,0,1,1,1,1,1,1,1,1,1,1,1,1,0
SRR12701059,Human,1,1,0,1,1,1,0,1,1,1,1,1,1,1,1,1,1,1,1,0
SRR12701060,Human,1,1,0,1,1,1,0,1,1,1,1,1,1,1,1,1,1,1,1,0
SRR12701061,Human,1,1,0,1,1,1,0,1,1,1,1,1,1,1,1,1,1,1,1,0
SRR12701062,Human,1,1,0,1,1,1,0,1,1,1,1,1,1,1,1,1,1,1,1,0
SRR12701063,Human,1,1,0,1,1,1,0,1,1,1,1,1,1,1,1,1,1,1,1,0
SRR12701064,Human,1,1,0,1,1,1,0,1,1,1,1,1,1,1,1,1,1,1,1,0
SRR12701065,Human,1,1,0,1,1,1,0,1,1,1,1,1,1,1,1,1,1,1,1,0
SRR12701066,Human,1,1,0,1,1,1,0,1,1,1,1,1,1,1,1,1,1,1,1,0
SRR12701067,Human,1,1,0,1,1,1,0,1,1,1,1,1,1,1,1,1,1,1,1,0
SRR12701068,Human,1,1,0,1,1,1,0,1,1,1,1,1,1,1,1,1,1,1,1,0
SRR12701069,Human,1,1,0,1,1,1,0,1,1,1,1,1,1,1,1,1,1,1,1,0
SRR12701070,Human,1,1,0,1,1,1,0,1,1,1,1,1,1,1,1,1,1,1,1,0
SRR12701071,Human,1,1,0,1,1,1,0,1,1,1,1,1,1,1,1,1,1,1,1,0
SRR12701072,Human,1,1,0,1,1,1,0,1,1,1,1,1,1,1,1,1,1,1,1,0
SRR12701073,Human,1,1,0,1,1,1,0,1,1,1,1,1,1,1,1,1,1,1,1,0
SRR12701074,Human,1,1,0,1,1,1,0,1,1,1,1,1,1,1,1,1,1,1,1,0
SRR12701075,Human,1,1,0,1,1,1,0,1,1,1,1,1,1,1,1,1,1,1,1,0
SRR12701076,Human,1,1,0,1,1,1,0,1,1,1,1,1,1,1,1,1,1,1,1,0
SRR12701077,Human,1,1,0,1,1,1,0,1,1,1,1,1,1,1,1,1,1,1,1,0
SRR12701078,Human,1,1,0,1,1,1,0,1,1,1,1,1,1,1,1,1,1,1,1,0
SRR12701079,Human,1,1,0,1,1,1,0,1,1,1,1,1,1,1,1,1,1,1,1,0
SRR12701080,Human,1,1,0,1,1,1,0,1,1,1,1,1,1,1,1,1,1,1,1,0
SRR12701081,Human,1,1,0,1,1,1,0,1,1,1,1,1,1,1,1,1,1,1,1,0
SRR12701082,Human,1,1,0,1,1,1,0,1,1,1,1,1,1,1,1,1,1,1,1,0
SRR12701083,Human,1,1,0,1,1,1,0,1,1,1,1,1,1,1,1,1,1,1,1,0
SRR12701089,Human,1,1,0,1,1,1,0,1,1,1,1,1,1,1,1,1,1,1,1,0
SRR12701090,Human,1,1,0,1,1,1,0,1,1,1,1,1,1,1,1,1,1,1,1,0
SRR12701091,Human,1,1,0,1,1,1,0,1,1,1,1,1,1,1,1,1,1,1,1,0
SRR12701092,Human,1,1,0,1,1,1,0,1,1,1,1,1,1,1,1,1,1,1,1,0
SRR12701094,Human,1,1,0,1,1,1,0,1,1,1,1,1,1,1,1,1,1,1,1,0
SRR20727438,Bovine,1,1,1,0,1,1,1,0,1,1,1,1,1,1,1,1,1,1,1,0
SRR20727439,Bovine,1,1,1,0,1,1,1,0,1,1,1,1,1,1,1,1,1,1,1,0
SRR20727440,Bovine,1,1,1,0,1,1,1,0,1,1,1,1,1,1,1,1,1,1,1,0
SRR20727442,Bovine,1,1,1,0,1,1,1,0,1,1,1,1,1,1,1,1,1,1,1,0
SRR20727444,Bovine,1,1,1,0,1,1,1,0,1,1,1,0,1,1,1,1,1,1,1,0
SRR20727445,Bovine,1,1,1,0,1,1,1,0,1,1,1,1,1,1,1,1,1,1,1,0
SRR20727446,Bovine,1,1,1,0,1,1,1,0,1,1,1,1,1,1,1,1,1,1,1,0
SRR20727447,Bovine,1,1,1,0,1,1,1,0,1,1,1,1,1,1,1,1,1,1,1,0
SRR20727448,Bovine,1,1,1,0,1,1,1,0,1,1,1,1,1,1,1,1,1,1,1,0
SRR20727450,Bovine,1,1,1,0,1,1,1,0,1,1,1,1,1,1,1,1,1,1,1,0
SRR20727451,Bovine,1,1,1,0,1,1,1,0,1,1,1,1,1,1,1,1,1,1,1,0
SRR20727452,Bovine,1,1,1,0,1,1,1,0,1,1,1,1,1,1,1,1,1,1,1,0
SRR20727454,Bovine,1,1,1,0,1,1,1,0,1,1,1,1,1,1,1,1,1,1,1,0
SRR20727456,Bovine,1,1,1,0,1,1,1,0,1,1,1,1,1,1,1,1,1,1,1,0
SRR20727460,Bovine,1,1,1,0,1,1,1,0,1,1,0,1,1,1,1,1,1,1,1,0
SRR20727463,Bovine,1,1,1,0,1,1,1,0,1,1,1,1,1,1,1,1,1,1,1,0
SRR20727464,Bovine,1,1,1,0,1,1,1,0,1,1,1,1,1,1,1,1,1,1,1,0
SRR20727467,Bovine,1,1,1,0,1,1,1,0,1,1,1,1,1,1,1,1,1,1,1,0
SRR20727468,Bovine,1,1,1,0,1,1,1,0,1,1,1,1,1,1,1,1,1,1,1,0
SRR20727469,Bovine,1,1,1,0,1,1,1,0,1,1,1,1,1,1,1,1,1,1,1,0
SRR20727470,Bovine,1,1,1,0,1,1,1,0,1,1,1,1,1,1,1,1,1,1,1,0
SRR20727471,Bovine,1,1,1,0,1,1,1,0,1,1,1,1,1,1,1,1,1,1,1,0
SRR20727473,Bovine,1,1,1,0,1,1,1,0,1,1,1,1,1,1,1,1,1,1,1,0
SRR20727474,Bovine,1,1,1,0,1,1,1,0,1,1,1,1,1,1,1,1,1,1,1,0
SRR20727475,Bovine,1,1,1,0,1,1,1,0,1,1,1,1,1,1,1,1,1,1,1,0
SRR20727476,Bovine,1,1,0,0,1,1,0,0,1,1,1,1,1,1,1,1,1,1,1,0
SRR20727479,Bovine,1,1,1,0,1,1,1,0,1,1,1,1,1,1,1,1,1,1,1,0
SRR20727480,Bovine,1,1,1,0,1,1,1,0,1,1,1,1,1,1,1,1,1,1,1,0
SRR20727482,Bovine,1,1,0,0,1,1,0,0,1,1,1,1,1,1,1,1,1,1,1,0
SRR20727483,Bovine,1,1,1,0,1,1,1,0,1,1,1,1,1,1,1,1,1,1,1,0
SRR20727484,Bovine,1,1,1,0,1,1,1,0,1,1,1,1,1,1,1,1,1,1,1,0
SRR20727485,Bovine,1,1,0,0,1,1,0,0,1,1,1,1,1,1,1,1,1,1,1,0
SRR20727487,Bovine,1,1,0,0,1,1,0,0,1,1,1,1,1,1,1,1,1,1,1,0
SRR20727488,Bovine,1,1,1,0,1,1,1,0,1,1,1,1,1,1,1,1,1,1,1,0
SRR20727489,Bovine,1,1,1,0,1,1,1,0,1,1,1,1,1,1,1,1,1,1,1,0
SRR20727490,Bovine,1,1,1,0,1,1,1,0,1,1,1,1,1,1,1,1,1,1,1,0
SRR20727491,Bovine,1,1,1,0,1,1,1,0,1,1,1,1,1,1,1,1,1,1,1,0
SRR20727492,Bovine,1,1,1,0,1,1,1,0,1,1,1,1,1,1,1,1,1,1,1,0
SRR20727493,Bovine,1,1,0,0,1,1,0,0,1,1,1,1,1,1,1,1,1,1,1,0
SRR20727495,Bovine,1,1,0,0,1,1,0,0,1,1,1,1,1,1,1,1,1,1,1,0
SRR20727496,Bovine,1,1,1,0,1,1,1,0,1,1,1,1,1,1,1,1,1,1,1,0
SRR20727497,Bovine,1,1,1,0,1,1,1,0,1,1,1,1,1,1,1,1,1,1,1,0
SRR20727498,Bovine,1,1,1,0,1,1,1,0,1,1,1,1,1,1,1,1,1,1,1,0
SRR20727499,Bovine,1,1,0,0,1,1,0,0,1,1,1,1,1,1,1,1,1,1,1,0
SRR20727500,Bovine,1,1,1,0,1,1,1,0,1,1,1,1,1,1,1,1,1,1,1,0
SRR20727502,Bovine,1,1,1,0,1,1,1,0,1,1,1,1,1,1,1,1,1,1,1,0
SRR20727503,Bovine,1,1,1,0,1,1,1,0,1,1,1,1,1,1,1,1,1,1,1,0
SRR20727504,Bovine,1,1,1,0,1,1,1,0,1,1,1,1,1,1,1,1,1,1,1,0
SRR20727505,Bovine,1,1,1,0,1,1,1,0,1,1,1,1,1,1,1,1,1,1,1,0
SRR20727506,Bovine,1,1,1,0,1,1,1,0,1,1,1,1,1,1,1,1,1,1,1,0
SRR20727507,Bovine,1,1,1,0,1,1,1,0,1,1,1,1,1,1,1,1,1,1,1,0
SRR20727508,Bovine,1,1,1,0,1,1,1,0,1,1,1,1,1,1,1,1,1,1,1,0
SRR20727509,Bovine,1,1,1,0,1,1,1,0,1,1,1,1,1,1,1,1,1,1,1,0
SRR20727510,Bovine,1,1,1,0,1,1,1,0,1,1,1,1,1,1,1,1,1,1,1,0
SRR20727511,Bovine,1,1,1,0,1,1,1,0,1,1,1,1,1,1,1,1,1,1,1,0
SRR20727512,Bovine,1,1,1,0,1,1,1,0,1,1,1,1,1,1,1,1,1,1,1,0
SRR20727515,Bovine,1,1,1,0,1,1,1,0,1,1,1,1,1,1,1,1,1,1,1,0
SRR20727516,Bovine,1,1,1,0,1,1,1,0,1,1,1,1,1,1,1,1,1,1,1,0
SRR20727517,Bovine,1,1,1,0,1,1,1,0,1,1,1,1,1,1,1,1,1,1,1,0
SRR20727518,Bovine,1,1,1,0,1,1,1,0,1,1,1,1,1,1,1,1,1,1,1,0
SRR20727519,Bovine,1,1,1,0,1,1,1,0,1,1,1,1,1,1,1,1,1,1,1,0
SRR20727520,Bovine,1,1,1,0,1,1,1,0,1,1,1,1,1,1,1,1,1,1,1,0
SRR20727521,Bovine,1,1,1,0,1,1,1,0,1,1,1,1,1,1,1,1,1,1,1,0
SRR20727522,Bovine,1,1,1,0,1,1,1,0,1,1,1,1,1,1,1,1,1,1,1,0
SRR20727523,Bovine,1,1,1,0,1,1,1,0,1,1,1,1,1,1,1,1,1,1,1,0
SRR20727527,Bovine,1,1,1,0,1,1,1,0,1,1,1,1,1,1,1,1,1,1,1,0
SRR20727529,Bovine,1,1,1,0,1,1,1,0,1,1,1,1,1,1,1,1,1,1,1,0
SRR20727532,Bovine,1,1,1,0,1,1,1,0,1,1,1,1,1,1,1,1,1,1,1,0
SRR20727533,Bovine,1,1,1,0,1,1,1,0,1,1,1,0,1,1,1,1,1,1,1,0
SRR20727534,Bovine,1,1,0,0,1,1,0,0,1,1,1,1,1,1,1,1,1,1,1,0
SRR20727535,Bovine,1,1,0,0,1,1,0,0,1,1,1,1,1,1,1,1,1,1,1,0
SRR20727536,Bovine,1,1,1,0,1,1,1,0,1,1,1,1,1,1,1,1,1,1,1,0
SRR20727537,Bovine,1,1,0,0,1,1,0,0,1,1,1,1,1,1,1,1,1,1,1,0
SRR20727538,Bovine,1,1,1,0,1,1,1,0,1,1,1,1,1,1,1,1,1,1,1,0
SRR20727540,Bovine,1,1,1,0,1,1,1,0,1,1,1,1,1,1,1,1,1,1,1,0
SRR20727542,Bovine,1,1,1,0,1,1,1,0,1,1,1,0,1,1,1,1,1,1,1,0
SRR20727543,Bovine,1,1,1,0,1,1,1,0,1,1,1,1,1,1,1,1,1,1,1,0
SRR20727546,Bovine,1,1,1,0,1,1,1,0,1,1,1,1,1,1,1,1,1,1,1,0
SRR20727547,Bovine,1,1,1,0,1,1,1,0,1,1,1,1,1,1,1,1,1,1,1,0
SRR20727548,Bovine,1,1,1,0,1,1,1,0,1,1,1,1,1,1,1,1,1,1,1,0
SRR20727549,Bovine,1,1,1,0,1,1,1,0,1,1,1,1,1,1,1,1,1,1,1,0
SRR20727551,Bovine,1,1,0,0,1,1,0,0,1,1,1,1,1,1,1,1,1,1,1,0
SRR20727552,Bovine,1,1,0,1,1,1,0,1,1,1,1,1,1,1,1,1,1,1,1,0
SRR20727555,Bovine,1,1,1,0,1,1,1,0,1,1,1,1,1,1,1,1,1,1,1,0
SRR20727558,Bovine,1,1,1,0,1,1,1,0,1,1,1,1,1,1,1,1,1,1,1,0
SRR20727560,Bovine,1,1,1,0,1,1,1,0,1,1,1,1,1,1,1,1,1,1,1,0
SRR20727562,Bovine,1,1,0,0,1,1,0,0,1,1,1,1,1,1,1,1,1,1,1,0
SRR20727563,Bovine,1,1,1,0,1,1,1,0,1,1,1,1,1,1,1,1,1,1,1,0
SRR20727566,Bovine,1,1,1,0,1,1,1,0,1,1,1,1,1,1,1,1,1,1,1,0
SRR20727568,Bovine,1,1,1,0,1,1,1,0,1,1,1,1,1,1,1,1,1,1,1,0
SRR20727572,Bovine,1,1,1,0,1,1,1,0,1,1,1,1,1,1,1,1,1,1,1,0
SRR20727573,Bovine,1,1,1,0,1,1,1,0,1,1,1,1,1,1,1,1,1,1,1,0
SRR20727574,Bovine,1,1,0,0,1,1,0,0,1,1,1,1,1,1,1,1,1,1,1,0
SRR20727575,Bovine,1,1,1,0,1,1,1,0,1,1,1,1,1,1,1,1,1,1,1,0
SRR20727577,Bovine,1,1,1,0,1,1,1,0,1,1,1,1,1,1,1,1,1,1,1,0
SRR20727578,Bovine,1,1,1,0,1,1,1,0,1,1,1,1,1,1,1,1,1,1,1,0
SRR20727579,Bovine,1,1,1,0,1,1,1,0,1,1,1,1,1,1,1,1,1,1,1,0
SRR20727580,Bovine,1,1,1,0,1,1,1,0,1,1,1,1,1,1,1,1,1,1,1,0
SRR20727581,Bovine,1,1,1,0,1,1,1,0,1,1,1,1,1,1,1,1,1,1,1,0
SRR20727582,Bovine,1,1,1,0,1,1,1,0,1,1,1,1,1,1,1,1,1,1,1,0
SRR20727583,Bovine,1,1,1,0,1,1,1,0,1,1,1,1,1,1,1,1,1,1,1,0
SRR20727584,Bovine,1,1,1,0,1,1,1,0,1,1,1,1,1,1,1,1,1,1,1,0
SRR20727585,Bovine,1,1,1,0,1,1,1,0,1,1,1,1,1,1,1,1,1,1,1,0
SRR20727586,Bovine,1,1,1,0,1,1,1,0,1,1,1,1,1,1,1,1,1,1,1,0
SRR20727587,Bovine,1,1,1,0,1,1,1,0,1,1,1,1,1,1,1,1,1,1,1,0
SRR20727588,Bovine,1,1,1,0,1,1,1,0,1,1,1,1,1,1,1,1,1,1,1,0
SRR20727589,Bovine,1,1,1,0,1,1,1,0,1,1,1,1,1,1,1,1,1,1,1,0
SRR20727590,Bovine,1,1,0,0,1,1,0,0,1,1,1,1,1,1,1,1,1,1,1,0
SRR20727592,Bovine,1,1,1,0,1,1,1,0,1,1,1,1,1,1,1,1,1,1,1,0
SRR20727595,Bovine,1,1,0,0,1,1,0,0,1,1,1,1,1,1,1,1,1,1,1,0
SRR20727596,Bovine,1,1,1,0,1,1,1,0,1,1,1,1,1,1,1,1,1,1,1,0
SRR20727597,Bovine,1,1,1,0,1,1,1,0,1,1,1,1,1,1,1,1,1,1,1,0
SRR20727598,Bovine,1,1,1,0,1,1,1,0,1,1,1,1,1,1,1,1,1,1,1,0
SRR20727599,Bovine,1,1,1,0,1,1,1,0,1,1,1,1,1,1,1,1,1,1,1,0
SRR20727600,Bovine,1,1,1,0,1,1,1,0,1,1,1,1,1,1,1,1,1,1,1,0
SRR20727601,Bovine,1,1,1,0,1,1,1,0,1,1,1,1,1,1,1,1,1,1,1,0
SRR20727602,Bovine,1,1,1,0,1,1,1,0,1,1,1,1,1,1,1,1,1,1,1,0
SRR20727604,Bovine,1,1,1,0,1,1,1,0,1,1,1,1,1,1,1,1,1,1,1,0
SRR20727606,Bovine,1,1,1,0,1,1,1,0,1,1,1,1,1,1,1,1,1,1,1,0
SRR20727610,Bovine,1,1,0,0,1,1,0,0,1,0,1,1,1,1,1,1,1,1,1,0
SRR20727611,Bovine,1,1,1,0,1,1,1,0,1,1,1,1,1,1,1,1,1,1,1,0
SRR20727612,Bovine,1,1,1,0,1,1,1,0,1,1,1,1,1,1,1,1,1,1,1,0
SRR20727613,Bovine,1,1,1,0,1,1,1,0,1,1,1,1,1,1,1,1,1,1,1,0
SRR20727614,Bovine,1,1,1,0,1,1,1,0,1,1,1,1,1,1,1,1,1,1,1,0
SRR20727615,Bovine,1,1,1,0,1,1,1,0,1,1,1,1,1,1,1,1,1,1,1,0
SRR20727617,Bovine,1,1,1,0,1,1,1,0,1,1,1,1,1,1,1,1,1,1,1,0
SRR20727618,Bovine,1,1,1,0,1,1,1,0,1,1,1,1,1,1,1,1,1,1,1,0
SRR20727620,Bovine,1,1,1,0,1,1,1,0,1,1,1,1,1,1,1,1,1,1,1,0
SRR20727621,Bovine,1,1,1,0,1,1,1,0,1,1,1,1,1,1,1,1,1,1,1,0
SRR20727622,Bovine,1,1,0,0,1,1,0,0,1,1,1,1,1,1,1,1,1,1,1,0
SRR20727624,Bovine,1,1,1,0,1,1,1,0,1,1,1,1,1,1,1,1,1,1,1,0
SRR20727625,Bovine,1,1,1,0,1,1,1,0,1,1,1,1,1,1,1,1,1,1,1,0
SRR5714656,Human,1,1,0,0,1,1,0,0,1,1,1,1,1,1,1,1,1,1,1,0
SRR5714657,Human,1,1,0,0,1,1,0,0,1,1,1,1,1,1,1,1,1,1,1,0
SRR5714674,Human,1,1,0,0,1,1,0,0,1,1,1,1,1,1,1,1,1,1,1,0
SRR5714677,Human,1,1,0,0,1,1,0,0,1,1,1,1,1,1,1,1,1,1,1,0
SRR5714678,Human,1,1,0,1,1,1,0,1,1,1,1,1,1,1,1,1,1,1,1,0
SRR5714679,Human,1,1,0,0,1,1,0,0,1,1,1,0,1,1,1,1,1,1,1,0
SRR5714680,Human,1,1,0,0,1,1,0,0,1,1,1,1,1,1,1,1,1,1,1,0
SRR5714681,Human,1,1,1,0,1,1,0,0,1,1,1,1,1,1,1,1,1,1,1,0
SRR5714683,Human,1,1,0,0,1,1,0,0,1,1,1,1,1,1,1,1,1,1,1,0
SRR6332088,Human,1,1,0,1,1,1,0,1,1,1,1,1,1,1,1,1,1,1,1,0
SRR6332089,Human,1,1,0,0,1,1,0,0,1,1,1,1,1,1,1,1,1,1,1,0
SRR6332090,Human,1,1,0,0,1,1,0,0,1,1,1,1,1,1,1,1,1,1,1,0
SRR6332091,Human,1,1,0,1,1,1,0,1,1,1,1,1,1,1,1,1,1,1,1,0
SRR6332092,Human,1,1,0,1,1,1,0,1,1,1,1,1,1,1,1,1,1,1,1,0
SRR6332093,Human,1,1,0,1,1,1,0,1,1,1,1,1,1,1,1,1,1,1,1,0
SRR6332094,Human,1,1,0,1,1,1,0,1,1,1,1,1,1,1,1,1,1,1,1,0
SRR6332095,Human,1,1,0,1,1,1,0,1,1,1,1,1,1,1,1,1,1,1,1,0
SRR6332096,Human,1,1,0,1,1,1,0,1,1,1,1,1,1,1,1,1,1,1,1,0
SRR6332097,Human,1,1,0,0,1,1,0,0,1,1,1,1,1,1,1,1,1,1,1,0
SRR6332098,Human,1,1,0,1,1,1,0,1,1,1,1,1,1,1,1,1,1,1,1,0
SRR6332099,Human,1,1,0,1,1,1,0,1,1,1,1,1,1,1,1,1,1,1,1,0
SRR6332100,Human,1,1,0,1,1,1,0,1,1,1,1,1,1,1,1,1,1,1,1,0
SRR6332101,Human,1,1,0,1,1,1,0,1,1,1,1,1,1,1,1,1,1,1,1,0
SRR6332102,Human,1,1,0,0,1,1,0,0,1,1,1,1,1,1,1,1,1,1,1,0
SRR6332103,Human,1,1,0,0,1,1,0,0,1,1,1,1,1,1,1,1,1,1,1,0
SRR6332104,Human,1,1,0,0,1,1,0,0,1,1,1,1,1,1,1,1,1,1,1,0
SRR6332105,Human,1,1,0,0,1,1,0,0,1,1,1,1,1,1,1,1,1,1,1,0
SRR6332106,Human,1,1,0,1,1,1,0,1,1,1,1,1,1,1,1,1,1,1,1,0
SRR6332107,Human,1,1,0,1,1,1,0,1,1,1,1,1,1,1,1,1,1,1,1,0
SRR6332108,Human,1,1,0,1,1,1,0,1,1,1,1,1,1,1,1,1,1,1,1,0
SRR6332109,Human,1,1,0,1,1,1,0,1,1,1,1,1,1,1,1,1,1,1,1,0
SRR6332110,Human,1,1,0,1,1,1,0,1,1,1,0,1,1,1,1,1,1,1,1,0
SRR6332111,Human,1,1,0,1,1,1,0,1,1,1,1,1,1,1,1,1,1,1,1,0
SRR6332112,Human,1,1,0,0,1,1,0,0,1,1,1,1,1,1,1,1,1,1,1,0
SRR6332113,Human,1,1,0,1,1,1,0,1,1,1,1,1,1,1,1,1,1,1,1,0
SRR6332114,Human,1,1,0,1,1,1,0,1,1,1,1,1,1,1,1,1,1,1,1,0
SRR6332115,Human,1,1,0,1,1,1,0,1,1,1,1,1,1,1,1,1,1,1,1,0
SRR6332116,Human,1,1,0,0,1,1,0,0,1,1,1,1,1,1,1,1,1,1,1,0
SRR6332117,Human,1,1,0,1,1,1,0,1,1,1,1,1,1,1,1,1,1,1,1,0
SRR6332118,Human,1,1,0,1,1,1,0,1,1,1,1,1,1,1,1,1,1,1,1,0
SRR6332119,Human,1,1,0,0,1,1,0,0,1,1,1,1,1,1,1,1,1,1,1,0
SRR6332120,Human,1,1,0,0,1,1,0,0,1,1,1,1,1,1,1,1,1,1,1,0
SRR6332121,Human,1,1,0,1,1,1,0,1,0,1,1,1,1,1,1,1,1,1,1,0
SRR6332122,Human,1,1,0,1,1,1,0,1,1,1,1,1,1,1,1,1,1,1,1,0
SRR6332123,Human,1,1,0,1,1,1,0,1,1,1,1,1,1,1,1,1,1,1,1,0
SRR6332125,Human,1,1,0,1,1,1,0,1,1,1,1,1,1,1,1,1,1,1,1,0
SRR6332126,Human,1,1,0,0,1,1,0,0,1,1,1,1,1,1,1,1,1,1,1,0
SRR6332127,Human,1,1,0,0,1,1,0,0,1,1,1,1,1,1,1,1,1,1,1,0
SRR6332128,Human,1,1,0,1,1,1,0,1,1,1,1,1,1,1,1,1,1,1,1,0
SRR6332129,Human,1,1,0,1,1,1,0,1,1,1,1,1,1,1,1,1,1,1,1,0
SRR6332130,Human,1,1,0,1,1,1,0,1,1,1,1,1,1,1,1,1,1,1,1,0
SRR6332131,Human,1,1,0,1,1,1,0,1,1,1,1,1,1,1,1,1,1,1,1,0
SRR6332132,Human,1,1,0,1,1,1,0,1,1,1,1,1,1,1,1,1,1,1,1,0
SRR6332133,Human,1,1,0,1,1,1,0,1,1,1,1,1,1,1,1,1,1,1,1,0
SRR6332134,Human,1,1,0,1,1,1,0,1,1,1,1,1,1,1,1,1,1,1,1,0
SRR6332135,Human,1,1,0,1,1,1,0,1,1,1,1,1,1,1,1,1,1,1,1,0
SRR6332136,Human,1,1,0,1,1,1,0,1,1,1,1,1,1,1,1,1,1,1,1,0
SRR6332137,Human,1,1,0,1,1,1,0,1,1,1,1,1,1,1,1,1,1,1,1,0
SRR6332138,Human,1,1,0,1,1,1,0,1,1,1,1,1,1,1,1,1,1,1,1,0
SRR6332139,Human,1,1,0,1,1,1,0,1,1,1,1,1,1,1,1,1,1,1,1,0
SRR6332140,Human,1,1,0,0,1,1,0,0,1,1,1,1,1,1,1,1,1,1,1,0
SRR6332141,Human,1,1,0,1,1,1,0,1,1,1,1,1,1,1,1,1,1,1,1,0
SRR6332142,Human,1,1,0,0,1,1,0,0,1,1,1,1,1,1,1,1,1,1,1,0
SRR6332143,Human,1,1,0,1,1,1,0,1,1,1,1,1,1,1,1,1,1,1,1,0
SRR6332144,Human,1,1,0,0,1,1,0,0,1,1,1,1,1,1,1,1,1,1,1,0
SRR6332145,Human,1,1,0,0,1,1,0,0,1,1,1,1,1,1,1,1,1,1,1,0
SRR6332146,Human,1,1,0,0,1,1,0,0,1,1,1,1,1,1,1,1,1,1,1,0
SRR6332147,Human,1,1,0,0,1,1,0,0,1,1,1,1,1,1,1,1,1,1,1,0
SRR6332148,Human,1,1,0,1,1,1,0,1,1,1,1,1,1,1,1,1,1,1,1,0
SRR6332149,Human,1,1,0,1,1,1,0,1,1,1,1,1,1,1,1,1,1,1,1,0
SRR6332151,Human,1,1,0,1,1,1,0,1,1,1,1,1,1,1,1,1,1,1,1,0
SRR6332152,Human,1,1,0,0,1,1,0,0,1,1,1,1,1,1,1,1,1,1,1,0
SRR6332153,Human,1,1,0,1,1,1,0,1,1,1,1,1,1,1,1,1,1,1,1,0
SRR6332154,Human,1,1,0,0,1,1,0,0,1,1,1,1,1,1,1,1,1,1,1,0
SRR6332155,Human,1,1,0,1,1,1,0,1,1,1,1,1,1,1,1,1,1,1,1,0
SRR6332156,Human,1,1,0,1,1,1,0,1,1,1,1,1,1,1,1,1,1,1,1,0
SRR6332157,Human,1,1,0,0,1,1,0,0,1,1,1,0,1,1,1,1,1,1,1,0
SRR6332158,Human,1,1,0,1,1,1,0,1,1,1,1,1,1,1,1,1,1,1,1,0
SRR6332159,Human,1,1,0,0,1,1,0,0,1,1,1,1,1,1,1,1,1,1,1,0
SRR6332160,Human,1,1,0,1,1,1,0,1,1,1,1,1,1,1,1,1,1,1,1,0
SRR6332161,Human,1,1,0,1,1,1,0,1,1,1,1,1,1,1,1,1,1,1,1,0
SRR6332162,Human,1,1,0,1,1,1,0,1,1,1,1,1,1,1,1,1,1,1,1,0
SRR6332163,Human,1,1,0,0,1,1,0,0,1,1,1,1,1,1,1,1,1,1,1,0
SRR6332164,Human,1,1,0,1,1,1,0,1,1,1,1,1,1,1,1,1,1,1,1,0
SRR6332165,Human,1,1,0,1,1,1,0,1,1,1,1,1,1,1,1,1,1,1,1,0
SRR6332166,Human,1,1,0,0,1,1,0,0,1,1,1,1,1,1,1,1,1,1,1,0
SRR6332167,Human,1,1,0,1,1,1,0,1,1,1,1,1,1,1,1,1,1,1,1,0
SRR6332168,Human,1,1,0,1,1,1,0,1,1,1,1,1,1,1,1,1,1,1,1,0
SRR6332169,Human,1,1,0,1,1,1,0,1,1,1,1,1,1,1,1,1,1,1,1,0
SRR6332170,Human,1,1,0,1,1,1,0,1,1,1,1,1,1,1,1,1,1,1,1,0
SRR6332171,Human,1,1,0,1,1,1,0,1,1,1,1,1,1,1,1,1,1,1,1,0
SRR6332172,Human,1,1,1,0,1,1,0,0,1,1,1,1,1,1,1,1,1,1,1,0
SRR6332173,Human,1,1,0,1,1,1,0,1,1,1,1,1,1,1,1,1,1,1,1,0
SRR6332174,Human,1,1,0,0,1,1,0,0,1,1,1,1,1,1,1,1,1,1,1,0
SRR6332175,Human,1,1,0,1,1,1,0,1,1,1,1,1,1,1,1,1,1,1,1,0
SRR6332176,Human,1,1,0,0,1,1,0,0,1,1,1,1,1,1,1,1,1,1,1,0
SRR6332177,Human,1,1,0,1,1,1,0,1,1,1,1,1,1,1,1,1,1,1,1,0
SRR6332178,Human,1,1,0,1,1,1,0,1,1,1,1,1,1,1,1,1,1,1,1,0
SRR6332179,Human,1,1,0,1,1,1,0,1,1,1,1,1,1,1,1,1,1,1,1,0
SRR6332180,Human,1,1,0,1,1,1,0,1,1,1,1,1,1,1,1,1,1,1,1,0
SRR6332181,Human,1,1,0,1,1,1,0,1,1,1,1,1,1,1,1,1,1,1,1,0
SRR6332182,Human,1,1,0,1,1,1,0,1,1,1,1,1,1,1,1,1,1,1,1,0
SRR6332183,Human,1,1,0,1,1,1,0,1,1,1,1,1,1,1,1,1,1,1,1,0
SRR6332184,Human,1,1,0,1,1,1,0,1,1,1,1,1,1,1,1,1,1,1,1,0
SRR6332185,Human,1,1,0,1,1,1,0,1,1,1,1,1,1,1,1,1,1,1,1,0
SRR6332186,Human,1,1,0,1,1,1,0,1,1,1,1,1,1,1,1,1,1,1,1,0
SRR6332187,Human,1,1,0,1,1,1,0,1,1,1,1,1,1,1,1,1,1,1,1,0
SRR6332188,Human,1,1,0,1,1,1,0,1,1,1,1,1,1,1,1,1,1,1,1,0
SRR6332189,Human,1,1,0,1,1,1,0,1,1,1,1,1,1,1,1,1,1,1,1,0
SRR6332190,Human,1,1,0,1,1,1,0,1,1,1,1,1,1,1,1,1,1,1,1,0
SRR6332191,Human,1,1,0,0,1,1,0,0,1,1,1,1,1,1,1,1,1,1,1,0
SRR6332192,Human,1,1,0,1,1,1,0,1,1,1,1,1,1,1,1,1,1,1,1,0
SRR6332193,Human,1,1,0,1,1,1,0,1,1,1,1,1,1,1,1,1,1,1,1,0
SRR6332194,Human,1,1,0,0,1,1,0,0,1,1,1,1,1,1,1,1,1,1,1,0
SRR6332195,Human,1,1,0,1,1,1,0,1,1,1,1,1,1,1,1,1,1,1,1,0
SRR6332196,Human,1,1,0,0,1,1,0,0,1,1,0,1,1,1,1,1,1,1,1,0
SRR6332197,Human,1,1,0,1,1,1,0,1,1,1,1,1,1,1,1,1,1,1,1,0
SRR6332198,Human,1,1,0,0,1,1,0,0,1,1,1,1,1,1,1,1,1,1,1,0
SRR6332199,Human,1,1,0,1,1,1,0,1,1,1,1,1,1,1,1,1,1,1,1,0
